Positive,Negative
,
critical,of age
luminosity,critical
dude,putrescent
okay,cuckold
recently,mucky
king-size,king-size
divers,skintight
almost,back up
salubrious,xanthous
weird,discriminatory
leave,feral
discriminatory,muddy
swell,lamentable
produce,undomesticated
beak,ilk
diverging,miserable
outside,thin-skinned
conclusion,disquieting
stainless,consummate
discontinue,experient
immature,barbaric
nonpurulent,connote
faithful,thin
kind,bounderish
substantially,counterproductive
comprehensive,proinflammatory
in force,yobo
penny-pinching,unhealthful
consummate,disadvantageously
congratulatory,pitch-black
truthful,spue
buddy-buddy,synthetic
vulcanised,norm
cleansing,bratty
concrete,squalid
sperm-filled,bad-mannered
thin,liberal
strong-arm,corrupt
intellect,mischievous
yobo,unfavourable
liquid,mountainous
sober,no-account
freaky,watertight
refreshful,adept
t. h. white,unaffected
smash,large
closemouthed,pie-eyed
unloaded,mold
liberal,bag
gas-filled,bitter
miscellaneous,bawdry
mountainous,defile
lighter,around the bend
bracing,mature
cardinal,coarsened
thomas young,rattlebrained
adept,disabled
large,be sick
intermission,preserved
lighter-than-air,braggy
shell,negatively charged
unprecedented,stormy
recovered,worsen
clear up,plumping
unpretentious,squiffy
multiethnic,sacrilegious
fill in,secure
bitter,sensitive
get up,mental
outwit,the like
pause,oldtimer
sparkle,spicy
mature,sneaky
inverse,case-hardened
evenhandedly,hand-down
full moon,incapacitate
cool,funny
astound,ultimo
compensate,shake up
edition,spoilt
thundering,too soon
preserved,preparatory
cleared,punk
braggy,baby
postoperative,bats
inexperient,past tense
goddamned,demented
falling out,ripened
well-off,demoralize
enlighten,itch
important-looking,yucky
go,wet
check,uncooked
reflective,sooty
influential,kookie
pure,tired of
plumping,other
solid-state,subhuman
airy,unratified
straight-laced,pestilent
arrest,botch up
scrumptious,psychopathic
pastel,tatterdemalion
the right way,unfounded
secure,coggle
sensitive,irrelevant
artificial,free-base
mental,rock oil
incur,calculating
spicy,frightfully
dense,robust
drill,sold-out
reputable,ailment
impulse,swinge
uncorrupted,fee-tail
newborn,disarranged
edward d. white,derange
golden,sharp
abstemious,baffling
bless,worried
shake up,ex
selective,acute
pally,conspicuous
stand by,tatty
too soon,rubber
desirable,correspond
decipherable,cruddy
ashen,pathetic
jump,sore
unspoiled,totter
strait-laced,by
flummox,ball-hawking
cosy,unbalance
rehearse,frightful
precise,groundwork
itch,crude
tropical,fuck up
primary,derelict
priggish,aggravated
damn,synthetic rubber
wet,moneyless
uncooked,shitty
comme il faut,stimulate
other,jet
off the hook,tough-minded
light-fingered,technical-grade
adroit,destructive
sodding,paddle
three-year-old,elusive
fastigiate,inadequate
running,negroid
choice,vainglorious
cling,hulking
deliver,uncontrolled
sunlit,in the raw
unadulterated,nonfunctional
root on,infectious
romp,softheaded
frightfully,inimical
ransack,bribe
redeeming,second-class
promising,esteem
goody-goody,sometime
lave,depraved
vertical,toddle
sire,aguish
barehanded,huffy
undemanding,stark
sharp,woeful
sure,root
pound,abscessed
washed,ago
refreshed,faulty
climb up,disastrous
acute,bounteous
conspicuous,ineffective
blanched,hooligan
covered,malfunction
five-year-old,fantastic
rubber,grunge
trounce,doddering
ascension,arch
rhythm,bastardly
aglow,perverse
gingery,cobwebby
beneficial,chicane
severance,earlyish
sore,toy with
unassailable,young
ball-hawking,opaque
frightful,assume
whitney moore young jr.,formulate
crude,calumniatory
honourable,petrous
cy young,boorish
grumbling,charles grey
autofluorescent,yesteryear
fledgling,call back
all-out,contaminating
calorific,sorry
overladen,worked up
stimulate,sinister
rightist,hard-bitten
rested,rubberize
razor-sharp,severely
ensure,ball up
clearheaded,mischievousness
offspring,pretty
geological fault,sturdy
bring forth,sick of
promiscuous,offensive
acid-tasting,look-alike
ready,sick
sport,pregnant
superior,lepidote
vainglorious,self-aggrandizing
light-footed,buggy
in-chief,excessive
uppercase,played out
hulking,long
computable,mishandle
amicable,basic
in the raw,indulgent
earn,terrific
breaking,bogus
woof,new
clean-cut,gray
mount,punishing
civilised,cark
stark,cock-a-hoop
new-sprung,choppy
neo,indispose
close-grained,gouty
advisable,piteous
rebel,at one time
stun,deleterious
annoy,squashy
exhaustive,puffy
bounteous,forge
close-fitting,corrupting
hooligan,autistic
obtain,milk-sick
unmortgaged,broken-down
fold,cat
youthful,honest-to-god
fantastic,rough-spoken
arch,unsuitable
come up,troublesome
plangent,uncleanly
perverse,unwarranted
original,no-good
eerie,jockey
near,preceding
reasoned,beaten
earlyish,companion
little,unbroken
young,primitive person
newborn infant,stir
built,run-down
opaque,blasphemous
brighten,suchlike
damned,awful
second-best,sexagenarian
esteemed,unmanageable
bettor,aggravate
impelling,hard-fought
resurrect,strange
untouched,artless
comforting,grayness
drugless,spurious
lifeless,impair
dazzling,coddle
luminescent,crude oil
glassy,snot-nosed
breach,demode
substantial,unhealed
contiguous,bear
tardily,wear out
just now,mingy
apply,invalid
pretty,pestilential
bring around,impressive
weaponless,then
earthshaking,born
antonym,unrealistic
crisp,calloused
pregnant,unchanged
declamatory,balmy
hone,foul-mouthed
all,devilish
self-aggrandizing,instinctive
gladiolus,shirley temple
about,bedfast
sightly,black person
vanquish,rigorous
heighten,qaeda
burst,difficult
complete,impure
find,singe
indulgent,leakproof
meaningful,unfairly
self-luminous,superannuated
turgid,abominable
blame,enormous
gravel,amerciable
new,invent
unanimous,proterozoic
cave in,mould
rightful,regurgitate
face-to-face,loathly
punishing,carbuncled
diverse,nonnormative
ardent,dopy
cock-a-hoop,hapless
laureate,intoxicated
blessed,soggy
exonerate,dreary
defenseless,cured
hard-hitting,crookback
sign,subscript
youngish,identical
procure,shape
right,substructure
luminousness,dodder
small,unpurified
sherlock,foetid
unsurpassable,filth
unmistakable,outmoded
discrepancy,aflutter
rosy,absurd
rise,blacken
asymptomatic,raise up
holocene,raw
honest-to-god,nutcase
secretive,snooty
arresting,extraordinary
calorifacient,untreated
crystallize,tremendous
virtuoso,currish
bankrupt,infrastructure
formidable,quondam
exceeding,mean
healthy,screwball
frogman,achromatic
well-preserved,arouse
easily,stiff
beaming,flyblown
opposite word,varicose
abandon,damaged
bright,severeness
unbroken,extrajudicial
justly,leprose
simply,macabre
reverse,grueling
awful,negro
cushy,disconfirming
egg white,unwashed
grow,tender
turn out,petroleum
chief,secondhand
blast,capacious
fully,anserine
mixed,earthy
weft,bust
awe,ill-mannered
meter,everyday
glorious,pixilated
musical rhythm,short
brisk,fierce
impudent,intensive
break down,great
stupefy,uncivilized
strange,vomit up
option,velar
advocate,inhospitable
impersonate,rape
noetic,uncivilised
oddish,unworkmanlike
innocent,mirky
fashion plate,authentic
denude,evil
heartfelt,draggled
modern,assonant
wear out,unsporting
upper-case letter,dirty-faced
sonorous,immorality
all over,bilious
pay back,passe
aureate,pusillanimous
meticulous,canescent
impressive,second-rate
safe and sound,believe
palatial,underbred
cull,dusty
riant,destine
overbold,paralytic
virgo the virgin,baffle
good enough,juicy
strip,soused
well-disposed,tempestuous
divest,strong-armer
decorous,forgery
difficult,cork
moderne,libidinous
blond,toughie
intermit,disqualify
nouveau-riche,dissentient
abominable,al dente
rational,sickish
enormous,displeased
nearly,ill-scented
pluck,saame
burnished,disreputable
proterozoic,pinchbeck
void,ingrowing
lester willis young,rough
majuscule,rampantly
twinkle,spastic
finespun,grey
striking,awed
unhorse,vapourous
hotshot,drab
sanitary,bygone
topper,sore-eyed
sanctify,snug
rightfulness,forego
pricey,too big for one's breeches
fashionable,thick
acclivitous,haggard
cured,irate
engender,puke
functional,debase
torrid,lunatic
redemptive,handicap
well-meaning,antecede
trade good,unvulcanized
flannel,deep
lightness,vex
double-dyed,familiar
amended,clapped out
raise up,invalidated
heavy-footed,epic
skillful,admonitory
raw,southern
improve,interrupt
ignitor,vexatious
extraordinary,work
plunk,third-rate
rotatory,eroded
untreated,bouffant
tremendous,gamey
loved,wicked
drive,self-aggrandising
delicacy,gruelling
obstinate,barmy
pull in,intemperate
mean,regorge
clearly,miry
user-friendly,impolite
guarantee,aging
effective,demanding
emerging,crowing
star,ripening
satisfactory,dismal
halcyon,main
accurate,stem
white-hot,blood-and-guts
bombastic,perturb
dash,flirt with
proper,overt
counselor,tubercular
illuminate,innate
lucky,vexed
grueling,bum
sizeable,repellent
insignificant,disorder
tender,praetorian
fire up,whacky
developed,safety
capacious,altogether
good for you,afflicted
bust,loopy
plectrum,crackbrained
ideal,non compos mentis
short,stabbing
arriviste,see-through
open,disgustful
anticipative,ineligible
laugh,yobbo
great,volumed
stochastic variable,entail
swooning,meanspirited
dissimilar,unacceptable
cloggy,naive
assort,sully
expose,clog
lancinate,wacky
euphonious,spew
grandiose,ruffian
climb,peeled
perfect,harmful
fix,mar
authentic,gum elastic
bond,seamy
amiable,senescent
undress,shake
cockcrow,earlier
fracture,sleazy
prissy,life-size
careful,bush-league
lark,good-for-nothing
acceptable,maculate
kosher,early on
well-fixed,blown-up
hygienic,large-mouthed
efficacious,hostile
chummy,blind drunk
groovy,condemnable
scavenge,stand for
sounding,auld
prim,windburned
upstart,activated
unpunctual,wild
major,unfriendly
chockablock,hermetic
bump,galling
scalelike,sloughy
crystalise,ominous
astonish,illegal
baffle,besotted
juicy,tire
disobedient,care
cause,corneous
unstressed,worsened
feminine,wildcat
nark,shaft
cork,crocked
crucial,rule
easygoing,charged
fabulous,shabby
father,drawn
well-nigh,physical
harsh,hard up
dependable,fatal
bunk,beetle-browed
satiny,skilled
awed,rude
spic,charge
tightlipped,insoluble
level-headed,mangy
brimful,lascivious
antonymous,annoying
felicitous,unbalanced
concluded,go bad
snug,chaotic
owing,rickety
unlike,screw
albumen,grand
vernal,pitch blackness
thick,laid low
set,ribald
scoop,normal
redemptional,generous
deposit,muck up
fill up,billowy
unclouded,dopey
arrant,dehydrated
far,naked
pyrotechnic,archaic
soundly,cheapjack
enveloping,soiled
vex,chickenhearted
familiar,vaporous
deep,uncivil
kick downstairs,foul-smelling
unencumbered,hammer
full-blown,boggy
epic,curious
c. h. best,choke
snowy,joseph black
tucker out,tall
interrupt,jerky
bodoni font,tainted
regulate,malodorous
coordinated,demonic
bouffant,senile
affable,greasy
distinguishable,charge up
high-priced,bad
absolved,screw-loose
pulsation,misbranded
infantile,lowly
wicked,monstrous
self-aggrandising,unfortunate
baffle board,feckless
gruelling,plaguy
wash,august
sheik,vomit
lightweight,excogitate
steep,lewd
intemperate,foul-spoken
working,muff
whizz,fag out
gallant,natural state
tonic,imagine
separate,precedent
break out,ill
improved,antique
practice,horrible
ascending,violate
demote,attested
best,uncollectible
crowing,sophistic
salty,outwear
hallow,blow
meaning,rotten
twinkling,bigger
forward,augean
untroubled,tight-fitting
overt,cocker
fit,gaffer
glutted,awfully
enough,inauthentic
modest,previous
allover,vexing
gambol,disgorge
at hand,cookie-cutter
charles herbert best,closed
one-year-old,complaint
infract,dream up
antic,sordid
laughing,represent
twee,once
present,spotted
proficient,fuddled
aseptic,pamper
nearby,lily-livered
foray,centenarian
unattackable,problematical
respectable,tattered
authorise,scabrous
offend,airsick
momentous,effortful
healthful,antiquated
safety,colored
subverter,fearsome
will,inexperienced
pay off,arthritic
altogether,congest
shallow,crappy
scrubbed,scrawny
powdered,dreaded
stabbing,violent
readable,helpless
stick by,boisterous
moisten,fumble
incorrupt,bulky
downright,scrofulous
break of serve,depressing
recuperative,furious
ineligible,gruesome
arrive,veto
yobbo,technical
volumed,inflamed
sunrise,excited
defined,smashed
aurora,freehanded
express mirth,caitiff
monumental,gumshoe
approach,overexcited
brigham young,waterworn
avant-garde,slopped
cultural,full-grown
legal,skanky
approving,disgraceful
eclectic,imperfect
ruffian,cork up
peeled,bruising
adolescent,decline
loot,inculpate
cream,long-ago
advantageous,maleficent
individual,grim
bloodless,mean value
estimable,purulent
over,lapp
set out,bronchitic
cadence,conversant
trump,hazardous
illumination,outgoing
definite,boastful
earlier,wondering
clear-cut,primitive
bring out,bloodshot
lite,get into
life-size,infected
propitious,old
cleanly,reckon
plug,have on
heatable,firmly
close-knit,don
informal,thwart
sporting,low-grade
mixer,sloppy
early on,trepid
blown-up,miserly
large-mouthed,dilapidated
overserious,pitiful
unsloped,feisty
variant,rainproof
anticipant,lustful
curative,dysphoric
blazing,fellow
rightfield,antediluvian patriarch
four-year-old,untouchable
visible light,synoptic
inviolable,compact
ovalbumin,direful
unique,ungenerous
illegal,irritating
well-defined,territory
divulge,formula
unregretful,close
passant,one-time
pin,nuts
e. b. white,root word
charged,symbolize
civilian,loony
square,yellowish
saved,subvert
innocuous,think
jailbreak,crazy
puritanical,safe
extraordinaire,patched
skilled,seasoned
rude,base
elegant,cloud
let out,aboriginal
redeem,apractic
merciful,savage
go bad,accomplished
circumvent,misfortunate
full,green
pose,elder
metallic,specify
grand,impractical
antimonopoly,aforesaid
healed,unclean
hyaline,crazed
morning,herculean
unentitled,unqualified
generous,misbegot
auditory sensation,frightening
end,remember
go up,beggarly
close up,gigantic
orthostatic,contaminated
undecomposed,one
processed,jolly
naked,unfashionable
capital letter,untitled
archaic,ungentle
overreach,terribly
spliff,stain
time out,serious
beta,extralegal
approximate,chouse
loon,maladjusted
bodoni,ratty
card-playing,plain
moral,insufficient
brilliant,unparliamentary
curious,misbegotten
unexcelled,exacerbate
hold fast,inkiness
copernican,middle-aged
lightly,opponent
nibble,severity
mystifier,head-on
levelheaded,nigrify
disruption,snotty
voice,groundless
bad,lapplander
telling,ignoble
immoderate,thumbed
monstrous,unfair
unwrap,uneasy
august,chivalric
commodity,unsubdued
reinvigorated,sheer
flushed,marshy
rupture,adamantine
lift,energize
expedient,cheating
speech sound,last
neighbourly,signify
cozy,calamitous
full-of-the-moon,marked-up
exhaustively,blunt
pulse,timorous
steady-going,old-timer
orotund,indecent
copious,bonkers
light-headed,gauzy
wide-cut,afraid
phenomenal,hood
salutary,profound
ill,sex
violate,woody
attested,sallow
auspicious,repute
intimately,antagonistic
tweed,unwholesome
belated,fibrous
signal,sure-handed
two-year-old,commercial
exhaust,foaming
measurable,dog-eared
bigger,land
yummy,murky
ponderous,choky
goodly,fruity
rough-and-ready,macro
awfully,unpleasant
tumesce,scummy
fluorescent,prominent
previous,imply
cohere,insalubrious
let,uncongenial
patrick white,spurt
go against,wrathful
straightlaced,cockeyed
undefiled,careworn
unsullied,poor people
able,honk
untainted,scarce
affectation,smudgy
deft,loaded
sociable,banned
sensation,chisel
willing,hallucinating
peachy,unbuttoned
effortful,scandalmongering
affectionately,agrestic
paired,asinine
but,bollocks up
rich,hebephrenic
fearsome,distressing
inexperienced,alloyed
start,disadvantageous
dreaded,stringent
neonate,spartan
violent,illegible
proximate,nutty
uncommunicative,half-baked
baronial,amiss
sting,blebby
express joy,imbalanced
impenetrable,day-old
gladsome,wear thin
neighborly,travel-stained
storm,hard
astounding,fall apart
landscaped,have in mind
booming,yellow
sort,despondent
bulky,stuck-up
contrary,laid up
solid state,membranous
over-the-top,perpendicular
good luck,whispered
novel,unbridled
shining,enured
temperate,noncivilized
presentable,limp
total,blowy
technical,quaggy
congested,versatile
break in,embryonic
clotheshorse,swampy
freehanded,unspeakable
net,like
equitable,touchy
rubicund,loud
full-grown,agitated
respite,evilness
available,low
cork up,distressed
chiseled,defective
break up,feculent
edward douglas white jr.,smoldering
friendly,wear off
laden,badly
latish,aged
painless,broad
bitterish,average out
snap,muddy up
shed light on,shameful
prima facie,semihard
ablaze,giving
volition,average
nourished,weirdo
boon,alcoholic
preternatural,tumble-down
counselor-at-law,experience
wide,botch
unsoiled,sloshed
gregarious,smutty
drum,lovesick
tidy,discourteous
lighting,raving mad
come together,cartilaginous
heated,malfunctioning
get to,misfunction
gabardine,consumptive
boastful,bungle
competent,swingeing
costly,obscene
bother,putrefactive
aim,speculative
purifying,hand-to-mouth
keen,thrillful
niminy-piminy,brutal
brightly,bothersome
serene,questioning
feature,abnormal
redress,spoiled
medicative,pedestal
couthy,arctic
plunger,wide-ranging
shimmery,important
old,crooked
rightmost,over-the-hill
glistening,advance
pilot,come before
affectedness,indulge
variation,regular
elucidate,despicable
toothsome,shopworn
thwart,unsound
erect,middle-level
self-coloured,awing
impudently,intensified
maven,colicky
smash up,antediluvial
reactionary,well-worn
heavy-duty,soft
affiliate,antedate
washington,moderate
ticktock,acquainted
funfair,begrime
sack,hardened
compact,arduous
wellspring,bastardized
direful,think about
mint,angered
diametral,typical
bewilder,raddled
polite,commove
unobjectionable,fresh
reave,lifelike
self-colored,brainsick
tardive,past
close,embezzled
slow,unreliable
lament,screw up
saucy,unpeaceful
authorize,intemperately
pristine,afoul
translucent,distract
ambient,catchy
exacting,ungentlemanly
thoughtful,foul
crazy,voluminous
effectively,put on
safe,tumid
utter,recall
stable,used
seasoned,vicious
unpaid,grudging
aboriginal,typify
accomplished,forged
get down,plastered
modern font,foul up
whiten,disturb
mind-boggling,oil
sluttish,trouble
sullen,icteric
outflank,big
unqualified,choleric
phosphorescent,jet-black
steady,closefisted
frightening,touch
strip show,basis
remember,batty
crystallise,common or garden
gigantic,corroded
demolish,corked
popular,bawdy
societal,maniacal
nippy,fond
one,paranoid
jolly,unfit
hale,bighearted
posture,stand
comfortable,duplicate
terribly,pollute
sizzling,unconditional
noteworthy,forgo
serious,befoul
palish,wretched
revolutionist,unladylike
tripping,adhesive
exonerated,sundown
bactericidal,nocent
master,opine
highbrow,insidious
flawless,filmy
move up,consider
vocalize,gram-negative
crestless wave,attrited
sundry,super
plain,unhinged
insufficient,funky
perplex,iniquity
plumb,knock-kneed
intelligence agent,yellowed
sexually attractive,adulterate
opponent,tense
sweltering,nonagenarian
copacetic,cancel
mavin,neurotic
plectron,taut
becoming,meritless
smashing,stinky
crock up,unhappy
metre,salacious
better,muddied
scratch,enlarged
uprising,blighted
nonclassical,cogitate
bazaar,toughened
fortuitous,pestering
fleshy,upchuck
realise,unsportsmanlike
happy,premature
unfair,boastfully
find fault,gray-haired
sound,pitiable
well-heeled,low-down
stick around,wickedness
visible radiation,coarse
weaken,designate
cavort,fevered
mincing,disturbed
boyish,unstable
time-honored,dyspeptic
skinny,futureless
rhetorical,epidemic
skilful,introductory
comfortably,wan
bind,covert
mightily,thug
lap,look on
interpersonal,base of operations
easy,wear upon
last,soil
very,enceinte
pluperfect,squally
surprise,destitute
cordial,honorable
ticktack,vauntingly
well-grounded,exquisite
hollow,unanalyzed
laboured,deflower
puzzle,labile
boom,extensive
dispatch,wrong
prove,goosey
yawl,execrable
control stick,substandard
profound,fag
distinct,nauseated
cheerful,take to be
fitter,see
cosher,nonindulgent
wakeful,vulgar
sure-handed,irreconcilable
valid,viselike
abundant,sensational
variance,cheeseparing
invigorated,in the altogether
unadventurous,fake
white river,addled
fruity,cytomegalic
whiz,reverent
macro,call up
noctilucent,baseless
unpleasant,comparable
prominent,chewy
gaolbreak,plunder
unmitigated,barf
pickaxe,crossbred
modernistic,braggart
companionate,clog up
part,bigheaded
secret agent,fetid
unforced,passee
dainty,cracked
rear,at loggerheads
light-armed,irreverent
bang-up,inquisitive
close-hauled,upset
airs,india rubber
reasonable,unrefined
gentle,filthy
quiver,stingy
seemly,scotch
full phase of the moon,exiguous
fraught,cockamamie
penetrative,decayed
scarce,stinking
intellectual,venerable
penetrating,home
browbeat,certifiable
lovable,antediluvian
fall,out-of-bounds
stopping point,wear
floury,transparent
replete,noisome
distressing,gravely
remediate,moderately
var.,amuck
hands-down,ragged
crystalline,inferior
confining,ignominious
overnice,premedical
dearest,rancid
delectable,proto
chapiter,fully grown
nutty,agitate
vacuous,pitch-dark
half-baked,malevolent
stuffed,caseous
uninitiate,corrupted
red-brick,dire
unsoured,know
take in,cast
shamus,loathsome
fall apart,naked as a jaybird
hard,unhampered
holy,threadbare
benignant,bungling
bittersweet,worn
calculable,al-qaida
closing,doddery
tick,gravid
fastidious,shut-in
epochal,blackness
unaccented,roughneck
arise,airtight
well-wishing,senior
rectify,involve
ingratiating,knotty
carnival,tough
perpendicular,convalescent
overheated,middling
strip down,delirious
john major,cold
selection,despairing
transgress,nonkosher
authoritative,cosset
adequate,racy
staggering,blackened
mighty,yob
rightish,ill-gotten
fetch,imitative
showy,disconsolate
spark,full-fledged
wayward,expectant
das kapital,backbreaking
newly,fractious
versatile,ugly
embryonic,life-threatening
heartbeat,ostensible
erupt,white-haired
retributive,forlorn
incandescent,hold still for
unspeakable,mollycoddle
impregnable,worthless
reveal,counterfeit
unalike,troubled
boss around,symbolise
loud,aggressive
low-cal,lady jane grey
glimmery,gammy
walk-to,painful
evenhanded,insane
simplified,fundament
work over,idle
lamb,rowdy
goodish,highflying
righteous,faint
underivative,floor
different,bemire
aged,ill-conceived
broad,utility
exculpated,hand-me-down
silver,baseborn
giving,golosh
average,wander
confined,scruffy
break dance,break
daybreak,bodge
set about,modal
experience,dirty
life-and-death,throw up
fresh-cut,second earl grey
give away,scatological
conclude,oily
axenic,misdirect
colorless,expired
fitting,shirley temple black
parvenu,naughty
chivalrous,out of whack
labored,fed up
spectacular,negative
red-hot,ruffianly
vocalise,unequal
redemptory,associate
spick,predate
induce,overage
choosy,septic
deprive,dipped
right-hand,hot
baking,gray-headed
launder,paraplegic
knifelike,tangled
commit,repelling
honey,creaky
crystalize,spotty
barrack,edematous
lark about,fair
worry,olden
powdery,purge
unspoilt,maimed
germinal,radix
wide-ranging,flagitious
important,hot under the collar
correctly,perversive
advance,above-mentioned
calorie-free,atrocious
passing,pissed
whole,outclassed
primed,al-qa'ida
illumine,ill-fitting
frolic,below the belt
lumbering,dreadful
awing,past times
trustworthy,unjust
bequeath,agog
white,coriaceous
treat,cross
bang up,spavined
pleader,rubber eraser
soft,grayish
pretentious,crippled
moderate,nasty
standing,emeritus
tumefy,unfaithful
impertinently,horrid
arduous,good-for-naught
dull,chromatic
fail-safe,tire out
semisolid,white-livered
discover,unvoiced
frisk,sarcastic
incisive,surd
pleasant-tasting,icky
portentous,pale
thermal,clumsy
flap,waterlogged
nifty,unlovable
rise up,condom
commove,grave
comradely,guess
fresh,weak
past,corky
fairish,galosh
recent epoch,betimes
remedy,the likes of
respective,profane
outsmart,notional
flavorful,queer
exhort,turbid
fountainhead,scurvy
diacritic,damaging
wizard,ailing
become,bedraggled
upstanding,revolting
all-or-none,acquisitive
break through,awe-inspiring
voluminous,recollect
idyllic,buy
tumid,massive
strategic,greyness
wiz,untamed
hand-to-hand,waddle
full-bodied,grievous
contrast,colossal
chaste,hatch
uphill,maniclike
disturb,foot
in good order,frenetic
pep up,intelligent
vestal,cheat on
plentiful,seedy
big,feverish
mod,future
effectual,yokelish
scram,kooky
moralistic,meager
nail,precede
peck,experienced
beatific,toilsome
space,stimulated
break of the day,bountiful
perceptive,crackers
untried,ill-natured
repair,unrestrained
quick-witted,voiceless
outright,think up
posthumous,moldy
measure,undesirable
well,intend
fill out,ample
sort out,goon
consecrate,unmannerly
bighearted,real
meaningless,stark naked
filled,erst
lamplit,huge
newborn baby,humble
whitney young,choke off
disclose,smuggled
goodness,informed
after-hours,bully
scrub,grizzly
let on,harebrained
batten down,firm
alight,clenched
outdo,roadster
super,zane grey
place,archean
flight strip,horrifying
elementary,wind up
girlish,maturate
recrudesce,oleaginous
counterpoint,natural rubber
cancel,street fighter
give out,fumbling
cherubic,with child
air-filled,yellowness
well-behaved,unmannered
rag,hideous
luscious,cosmic
light-colored,yellow-bellied
beau,preface
invigorating,operose
archetype,teased
all the way,lead
advanced,lousy
optimum,mad
sweet,unhealthy
worthy,nettlesome
burdensome,begrimed
weighed down,self-conscious
premature,goosy
unweathered,genuine
please,african-american
light within,swelled
boastfully,dread
personate,large-scale
all-important,incapable
charming,passionate
risk-free,cheap
sack up,unclothed
do,parsimonious
vulcanized,disquiet
unaired,conceive
irritate,al-qaeda
clever,sunset
ethical,overlarge
clayey,befouled
rile,flub
perfect tense,grungy
enceinte,daft
wash up,rare
disinvest,unprovided for
perch,live
unalloyed,grey-headed
founder,disgusting
classify,mock
honorable,unhinge
vauntingly,indecipherable
genial,risky
expert,uncomfortable
exquisite,prophylactic
unanalyzed,uncool
bemuse,hairy
position,compressed
extensive,turn on
thump,malign
diametric,blemished
blistering,nucleotide
heaven-sent,older
first,like-minded
ascent,destroyed
beget,scaly
voluptuous,man-sized
completed,homophonic
outfox,awkward
come near,longtime
outstanding,think of
cheeseparing,thrilled
fathom,grubby
unused,manic-depressive
willing and able,suppose
reliable,louse up
die,black-market
unhurried,godforsaken
in the altogether,sensationalistic
water-washed,found
voluntary,sexy
reverent,disgusted
expensive,comrade
delicious,amazing
nice,mischievously
newfound,wear down
bran-new,early
buoyant,round the bend
proponent,late
plunder,energise
grapey,travel-soiled
all right,semi-wild
braggart,gooselike
instinct,scrimpy
discerning,age-old
conditioned,fossil oil
faulting,actual
fleshed out,elephantine
iridescent,ageing
virginal,heavy
ballyrag,gooey
exact,saturated
flashy,medium-large
stingy,alike
superstar,somewhat
several,immoral
scotch,slummy
mellow,opprobrious
beloved,plebeian
inoffensive,pesky
interruption,closely
right wing,median
colorful,ramshackle
bring,bear-sized
couthie,mordant
start out,unprocessed
exponent,comfortless
practised,inglorious
igniter,darkened
wear,reactive
well behaved,darken
undischarged,retch
cheer,adverse
conscionable,pitchy
bonny,streaming
perfective tense,corruptive
pernickety,echt
generate,frustrate
oldline,bare-assed
homogeneous,ancient
exercise,impossible
hungry,lightlessness
lodge,horrific
make,nauseous
moderately,measly
junior,haywire
denudate,contraband
odd,delicate
conk out,fey
errorless,endure
various,intermediate
powerful,gauze-like
plum,whacking
unpracticed,grown
swagger,cornerstone
proto,oldish
fully grown,awesome
agitate,blackball
loretta young,psychotic
dead,astronomic
idealized,medium
trenchant,moved
lancinating,fast
seraphic,naughtiness
buzz off,regretful
picking,rip off
dire,gangrenous
freehand,incriminate
candescent,two-timing
expansive,pattern
strain,emotional
disrobe,intimate
naked as a jaybird,naughtily
subversive,frenzied
starboard,spirt
get off,scurfy
gravid,thorny
wedge,heavily
puzzler,infelicitous
drained,fatty
considerable,smelly
roughneck,warm
break of day,grease
senior,sad
saintly,cloudy
mystify,evil-minded
unchaste,hopeless
better off,high-risk
civic,hoodlum
disport,low-level
illuminated,hateful
tough,familiar spirit
make clean,ropey
middling,above
piquant,hoar
vindicated,go through
cold,inflammatory
push around,featherbed
originate,concentrated
symptomless,gross
latterly,state of nature
stick to,resourceless
lily-white,ripe
opposite,excite
yob,stupid
uprise,bollocks
sword lily,ghastly
spick-and-span,octogenarian
tucker,fine
expectant,barbarian
floodlit,hoary
backbreaking,angry
smoky,sunburned
delight,rusty
life-threatening,old-fashioned
undeviating,titanic
antithetical,rouse
blank,unbleached
egg-filled,lowborn
comic strip,bragging
rift,unequal to
jazzy,convention
champion,unsupported
brilliantly,disable
boast,vitiate
thoroughgoing,disquieted
dayspring,passably
correct,chilly
carminative,enthusiastic
pleasant,concoct
peel,retiring
painful,patterned
assoil,horrendous
virtuous,blustering
eager,receive
version,phrenetic
idle,battered
rowdy,weather-beaten
danton true young,screaming
faint,dotty
break away,colly
funnies,common
suitable,macroscopic
radioactive,under-the-counter
preoperative,unabated
aright,terrible
john roy major,coal-black
draw near,ground
puff up,outsize
give way,crass
blasted,inapplicable
teaser,trying
calefactory,weary
leach,foregoing
mannerly,old geezer
break,assumed
superb,injured
flawlessly,dirty-minded
bushed,natural
shiny,diabetic
dirty,patch
empty,contaminative
riddled,indignant
loose,bilk
primo,form
clean house,melanize
overripe,age
well-turned,timid
associate,vivid
goddamn,get on
split,seriously
bright as a new penny,deficient
advantageously,ordinary
commend,ill-bred
prisonbreak,patch up
hot,bandy
snap off,cutting
love,taint
nestled,putrid
sultry,no-count
insure,aroused
lacuna,unoriginal
newfangled,knockout
know apart,bobble
full-dress,hold out
gratifying,bleak
variable,deplorable
dry-cleaned,invulnerable
landing strip,chilblained
urge,chuck
fair,adult
motley,bumble
inner light,defiled
victorian,looney
divergent,incompetent
pick,gaga
diluted,foundation
devout,illegitimate
intelligence officer,despoil
thrum,grey-haired
right-minded,long-familiar
begin,saami
atrocious,bare
polished,biggish
dreadful,untoasted
unfrosted,reasonably
fault,poorly
slip,have
advocator,hempen
cross,dim
beat,ambitious
sizable,betray
dearly,problematic
rock-steady,reprehensible
upright,revered
bioluminescent,retrieve
throw,repellant
dismantle,raging
well-to-do,contemptible
ignite,azoic
assure,unpropitious
nasty,indifferent
terminated,abusive
youth,grime
chromatic,vermiculate
discriminate,mentally ill
lightsome,same
finish,loco
go-to-meeting,fearful
happy chance,deprave
chance variable,grisly
wakeless,greyish
houseclean,onetime
pale,corruptible
active,unfavorable
considerably,uppish
clean,dripless
condom,waste
lately,poor
rampant,septicemic
nonplus,demoralise
unarmed,hardscrabble
bouncing,magnanimous
grave,humongous
striptease,carious
disparate,fashion
weak,senesce
palatable,diseased
agleam,pervert
solve,less
betimes,pseudo
on the nose,immemorial
queer,chicken
stand-up,erstwhile
well up,granitic
swell up,steely
awe-inspiring,sr.
massive,bootleg
joint,precocious
john r. major,biological
kickshaw,ahead of time
ended,debauch
uncommon,alkali
convey,tarnish
beat up,basal
grievous,dishonorable
colossal,dangerous
appreciative,severe
right-handed,overaged
angelical,bare-ass
leading,unfeigned
foot,indocile
fail,soaked
neat,consuming
intelligent,criminal
hail-fellow,theoretical
preventive,stern
in effect,radical
peg,foolish
semi-upright,rangy
future,bedraggle
corking,wish
experienced,bollix
toilsome,bollix up
bountiful,mediocre
acquit,historic
dismount,broken-backed
dear,understructure
all in,antiquate
fop,extreme
lowering,old-hat
finical,laborious
adhere,fouled
heterogeneous,minus
empty-bellied,incompetent person
healthier,malefic
gradual,fallacious
variate,devise
ransom,austere
batten,diaphanous
redoubtable,pestiferous
hearty,outrageous
threatening,frayed
ample,lowbred
get out,uncheckable
mannerism,black
real,double
sustain,caoutchouc
stark naked,look upon
huge,raunchy
brand-new,unyielding
shift,rocky
lesson,palsied
antimicrobial,contaminate
open frame,archeozoic
operational,true
just,theme
bully,in the buff
evidential,distasteful
luminance,teasing
firm,cheat
christ within,grotty
rinse,unsanded
casual,electronegative
opportune,plaguey
sobering,queasy
whiteness,intense
archean,fluff
private,asthmatic
darned,sami
sassy,moth-eaten
left,sozzled
square-toed,thundery
illume,unneighborly
with child,spoil
cap,cerebrate
precisely,persnickety
revolt,entertain
evacuate,rubberise
cathartic,bottom
enjoyable,melanise
dulcet,unpolished
capture,queen-size
cosmic,blackamoor
efficient,wilderness
old-maidish,meagre
pertly,gloomy
operose,get
blank shell,broke
dustlike,spontaneous
cultured,introduce
weighty,tough-skinned
strong-flavored,contrive
looted,corresponding
categoric,elderly
stop up,craven
honest,poltroon
peachy-colored,incipient
virgo,establish
genuine,total darkness
salient,fateful
swelled,grease one's palms
dread,sebaceous
adjacent,formerly
scant,uncordial
large-scale,dirt
tight-laced,nonstandard
unclothed,secondary
otherwise,badness
native,rugged
strait,disagreeable
overlarge,grimy
lurid,pallid
capital,inauspicious
airless,similar
comely,unskilled
fooling,tight
assured,drear
tasteful,unfinished
majuscular,openhanded
fat,honest-to-goodness
rare,maggoty
live,grownup
some,proud
sit,frantic
semi-erect,regard as
uncontaminated,blotto
antithetic,exasperate
model,gossamer
limpid,livid
prophylactic,jade
break off,sincere
afloat,equal
mother,cowardly
right on,premise
holocene epoch,birthday suit
oppressive,smart
appressed,risque
sun-loving,tired
man-sized,gamy
infernal,meagerly
new-made,alarming
not bad,literal
confidential,dizzy
glad,senescence
stay,false
plus,wee
palsy-walsy,anile
unspotted,freewheeling
cracking,blue
sophisticated,cankerous
unstained,prehistoric
timely,former
immaculate,gusty
disarm,unwise
freshly,schizophrenic
untested,stir up
vacant,abject
progressive,fatigue
discharge,jaundiced
non-buoyant,adulterous
sexy,mess up
shattering,strong
distinguished,undiluted
diver,fairly
stupefying,stale
amazing,dastard
theodore harold white,beautiful
suspension,piece
breakout,pencil eraser
save,disapproving
early,untrained
wanton,penal
private detective,unswept
unfermented,sneezy
stunning,afflictive
tardy,draggle
late,sure-enough
startling,feel
pulsate,implicate
pres young,off-color
albescent,dark
come,foil
actual,good
staring,worse
another,catastrophic
insurrection,handsome
elephantine,dingy
delightful,practiced
stand-alone,
heavy,
saturated,
medium-large,
harmonious,
frivolous,
somewhat,
gilded,
scramble,
belatedly,
opposition,
cursed,
genius,
merely,
unaccustomed,
bring in,
later,
single out,
superfine,
closely,
semi-climbing,
scrub up,
bear-sized,
unprocessed,
high-grade,
random variable,
sour,
polar,
sufficient,
sportsmanlike,
contrastive,
joystick,
clean-living,
adverse,
echt,
frustrate,
fair-minded,
white person,
bare-assed,
hunky-dory,
pillage,
horrific,
favourable,
master copy,
dumbfound,
meliorate,
delicate,
orderly,
hopeful,
prosperous,
water-loving,
whacking,
working capital,
mild-tasting,
hail-fellow-well-met,
grown,
closing curtain,
caller,
light,
right field,
matey,
spring up,
microscopic,
awesome,
astronomic,
fast,
wax,
well-situated,
finis,
civil,
improving,
rollick,
intimate,
run around,
ruin,
heavily,
favorable,
gladiola,
warm,
filling,
cloudy,
clean and jerk,
prison-breaking,
goddam,
use,
dry,
hateful,
darling,
intumesce,
come on,
piercing,
leaden,
gross,
marijuana cigarette,
ripe,
decently,
inactive,
statant,
erectile,
split up,
fine,
peppery,
of late,
absolute,
contemporary,
deuced,
speckless,
titanic,
letter-perfect,
edward white,
shut down,
chafe,
commence,
bragging,
ok,
rock-loving,
sunup,
close down,
courteous,
passably,
prudish,
conservative,
in-bounds,
undimmed,
fundamental,
bonnie,
dissipated,
percipient,
horrendous,
anicteric,
scarcely,
receive,
dummy,
class,
self-contained,
macroscopic,
terrible,
sainted,
dandy,
break-dance,
light source,
outsize,
peculiar,
perfective,
full-strength,
unafraid,
get under one's skin,
smooth,
uncontaminating,
record-breaking,
cleanse,
orthomolecular,
injured,
betting,
crack,
reverberant,
natural,
blest,
punter,
first light,
fiery,
certain,
unclothe,
recent,
refreshing,
refined,
unexampled,
scour,
bilk,
form,
blamed,
bugger off,
everlasting,
complicate,
immodest,
phone,
vivid,
consenting,
convenient,
finer,
airstrip,
ordinary,
winy,
shut,
beatified,
cutting,
tested,
social,
barely,
devil,
empty-handed,
breakage,
bleak,
pungent,
satisfying,
invulnerable,
pickax,
adult,
tea cosy,
cloudless,
incompetent,
quack,
whitened,
revised,
practise,
right hand,
congealed,
despoil,
radiating,
hottish,
plummet,
bare,
biggish,
make out,
volitional,
untoasted,
reasonably,
cleanable,
have,
unseasoned,
round,
get around,
doughy,
raging,
wholesome,
fasten,
ending,
entire,
azoic,
impeccable,
operative,
adventurous,
nigh,
encompassing,
spotless,
bonzer,
consequential,
patrick victor martindale white,
fearful,
wise,
untarnished,
coagulated,
discase,
light up,
anthelmintic,
undiversified,
unventilated,
unfavorable,
perfectible,
beat out,
stuffy,
light-duty,
parvenue,
besot,
tasty,
magnanimous,
rebellion,
saucily,
counsel,
humongous,
pivotal,
squeamish,
soften,
underived,
discrete,
discombobulate,
quaint,
sensual,
restrained,
nettle,
light-skinned,
dawning,
exculpate,
solidness,
unblemished,
special,
indigestible,
stanford white,
contract,
precocious,
solid,
overweight,
gold,
ahead of time,
wash away,
dangerous,
handy,
corned,
severe,
lay,
peachy-coloured,
bare-ass,
close-set,
burning,
unfeigned,
beatnik,
surprising,
probative,
out-of-the-way,
hector,
private investigator,
amaze,
flop,
cure,
gilt,
underwater diver,
press,
plum tree,
cultivated,
brightness level,
recess,
thornless,
theoretical,
straighten out,
veracious,
following,
preteen,
radical,
lightheaded,
draw,
tea cozy,
rising,
o.k.,
ace,
rangy,
sporty,
fall in,
put,
to the full,
calefacient,
only,
segregated,
antiseptic,
caucasian,
decent,
mediocre,
impressionable,
discriminative,
historic,
wagerer,
impertinent,
surface,
stand up,
genteel,
fortunate,
free,
gain,
stay put,
laborious,
acquire,
significant,
leisurely,
revolutionary,
uncase,
private eye,
ameliorate,
slap-up,
branching,
legible,
unregretting,
diametrical,
unplayful,
civilized,
andrew dickson white,
double,
forward-looking,
consort,
get at,
straight,
true,
archeozoic,
uncoerced,
in the buff,
goody,
cerebral,
fair-and-square,
well-lined,
digestible,
relegate,
most,
cartoon strip,
grotty,
decided,
wash off,
plumb bob,
unsanded,
crush,
high,
nonfat,
thoroughly,
closelipped,
fervent,
take,
clear,
inspire,
intense,
give,
damp,
astonishing,
call off,
dramatic,
gaudy,
stop,
sinful,
childlike,
spoil,
most-valuable,
unpolished,
queen-size,
unusual,
wanted,
straitlaced,
operant,
counsellor,
bullyrag,
get,
virgin,
aglitter,
grateful,
of import,
cubic,
incipient,
hardly,
come apart,
recommend,
catch,
discriminating,
exactly,
andrew d. white,
pricy,
heavier-than-air,
gracious,
puppyish,
heal,
realize,
amend,
surgical,
slowly,
top,
alpha,
unarm,
saving,
ascend,
unaddicted,
functioning,
halal,
blissful,
tight,
rifle,
dampen,
gothic,
skylark,
contrasting,
nongranular,
properly,
sublimate,
finale,
unfinished,
gap,
openhanded,
earnest,
ultramodern,
alright,
grownup,
proud,
preach,
crushed rock,
wash out,
wonderworking,
disposed,
juxtaposed,
appropriate,
livid,
pass,
pi,
sincere,
equal,
birthday suit,
faultless,
smart,
spic-and-span,
tired,
fuck off,
cleave,
beady,
innovative,
alarming,
vacate,
literal,
lighting-up,
admirable,
wee,
lustrous,
dawn,
hefty,
urge on,
collapse,
pleasing,
scorching,
brightness,
organic,
plenteous,
crack up,
former,
exotic,
saintlike,
audio,
stick,
stir up,
down,
strong,
low-density,
undiluted,
edward young,
virtually,
suffer,
fairly,
reefer,
well-chosen,
piece,
beautiful,
angelic,
upright piano,
unobstructed,
remarkable,
respected,
unclutter,
assorted,
foil,
good,
uninfected,
ambrosial,
elwyn brooks white,
draw close,
handsome,
salvage,
develop,
finished,
practiced,
